".cluster","rate","votes","approx_cost_for_two_people","num_of_dish_liked","num_of_cuisines","online_order_percentage","book_table_percentage"
7,4.00076067875951,498.096547688707,672.732592159157,6.57284961966062,2.91047396138092,80.163838502048,22.4107665301346
4,3.8208,338.936,763.28,4.464,2.9568,44.96,27.84
6,3.55233333333333,145.246666666667,445.833333333333,2.69333333333333,2.39333333333333,53,5.66666666666667
3,3.53181818181818,105.113636363636,498.863636363636,2.52272727272727,2.20454545454545,54.5454545454545,4.54545454545455
2,3.50707154742096,95.4891846921797,457.071547420965,2.51331114808652,2.13560732113145,20.9650582362729,3.82695507487521
1,3.47019230769231,53.5917832167832,385.605113636364,1.53715034965035,2.18444055944056,70.8697552447552,0.939685314685315
5,3.4552036199095,112.859728506787,486.425339366516,2.08144796380091,2.5316742081448,56.1085972850679,6.10859728506787
